BIA-GP-CHAIN-001-035-360 , 25 ,
BIA-GP-CHAIN-001-035-700 , 5 ,
BIA-GP-CHAIN-001-040-250 , 20 ,
BIA-GP-CHAIN-004-040-450 , 5 ,
BIA-GP-CHAIN-004-040-600 , 5 ,
BIA-GP-CHAIN-007-040-450 , 5 ,
BIA-GP-CHAIN-007-040-700 , 5 ,
BIA-GP-CHAIN-008-030-450 , 5 ,
BIA-GP-CHAIN-012-100-360 , 5 ,
BIA-GP-CHAIN-012-100-450 , 5 ,
BIA-GP-CHAIN-012-100-500 , 10 ,
BIA-GP-CHAIN-012-100-600 , 10 ,
BIA-GP-CHAIN-015-120-450 , 5 ,
BIA-GP-CHAIN-019-110-250 , 5 ,
BIA-GP-CHAIN-020-200-450 , 5 ,
BIA-GP-CHAIN-020-200-500 , 5 ,
BIA-GP-CHAIN-045-140-250 , 5 ,
BIA-ROSE-CHAIN-001-035-360 , 5 ,
BIA-ROSE-CHAIN-001-035-450 , 10 ,
BIA-ROSE-CHAIN-001-035-500 , 5 ,
BIA-ROSE-CHAIN-001-035-700 , 5 ,
BIA-ROSE-CHAIN-015-120-700 , 5 ,
BIA-ROSE-CHAIN-019-110-250 , 5 ,
BIA-ROSE-CHAIN-024-140-500 , 5 ,
BIA-ROSE-CHAIN-024-140-600 , 5 ,
BIA-ROSE-CHAIN-031-230-500 , 5 ,
BIA-S925-CHAIN-001-030-500 , 60 ,
BIA-S925-CHAIN-001-030-600 , 50 ,
BIA-S925-CHAIN-001-035-500 , 15 ,
BIA-S925-CHAIN-001-040-220-250 , 40 ,
BIA-S925-CHAIN-001-040-450 , 25 ,
BIA-S925-CHAIN-004-040-450 , 10 ,
BIA-S925-CHAIN-004-040-500 , 15 ,
BIA-S925-CHAIN-008-060-180 , 5 ,
BIA-S925-CHAIN-012-100-500 , 30 ,
BIA-S925-CHAIN-012-100-600 , 40 ,
BIA-S925-CHAIN-012-200-450 , 20 ,
BIA-S925-CHAIN-012-200-650 , 10 ,
BIA-S925-CHAIN-016-350-200 , 5 ,
BIA-S925-CHAIN-019-110-220-250 , 20 ,
BIA-S925-CHAIN-019-110-500 , 5 ,
BIA-S925-CHAIN-024-190-650 , 5 ,
BIA-S925-CHAIN-029-500-COL-190 , 25 ,
BIA-S925-CHAIN-031-230-450 , 10 ,
BIA-S925-CHAIN-041-220-180 , 10 ,
BIA-S925-CHAIN-041-220-220-250 , 20 ,
BIA-S925-CHAIN-045-140-180 , 10 ,
BIA-S925-CHAIN-045-140-220-250 , 40 ,
BIA-S925-CHAIN-052-040-250 , 100 ,
BIA-S925-CHAIN-055-230-700 , 5 ,
BIA-S925-CHAIN-056-100-500 , 5 ,
BIA-S925-CHAIN-057-100-500 , 10 ,
BIA-S925-HOOP-003 , 10 ,
BIA-S925-HOOP-004 , 5 ,
BIA-S925-HOOP-HIN-020 , 20 ,
CN-S925-LOC-004 , 5 ,
GS-S925-BRA-028-190 , 5 ,
GS-S925-CHAIN-SLI-001-030 , 5 ,
GS-S925-CHAIN-SLI-003-019 , 5 ,
GS-S925-HOOP-015 , 20 ,
GS-S925-HOOP-025 , 5 ,
GS-S925-HOOP-035 , 5 ,
PAV-S925-EAR-BALL-001-020-2PAIR , 20 ,
PAV-S925-EAR-CRAW-001 , 15 ,
PAV-S925-EAR-CRAW-004 , 20 ,
PAV-S925-EAR-CRAW-005 , 5 ,
S925-BAW-BRA-CHA-012-190 , 20 ,
S925-BC-0396-PEN-3H , 15 ,
S925-BC-1764-PEN-3H , 10 ,
S925-BC-4016-PIN-3H , 10 ,
S925-BC-5260-EAR-7M , 5 ,
S925-BC-5940-EAR-3H , 10 ,
S925-BC-5940-EAR-6G , 5 ,
S925-WHI-EAR-CEL-003 , 5 ,
S925-WHI-EAR-HOOP-009-020 , 10 ,
S925-WHI-EAR-HOOP-010-020 , 20 ,
S925-WHI-EAR-HOOP-016-020 , 5 ,
S925-WHI-EAR-HOOP-017-020 , 5 ,
S925-WHI-EAR-STUD-019 , 5 ,
S925-WHI-EAR-STUD-PERL-002-6to7 , 10 ,
S925-WHI-NEC-CHA-025-077-550 , 5 ,
S925-WHI-PEN-LET-001-A , 5 ,
S925-WHI-PEN-LET-001-C , 5 ,
S925-WHI-PEN-LET-001-E , 5 ,
S925-WHI-PEN-LET-001-F , 5 ,
S925-WHI-PEN-LET-001-J , 5 ,
S925-WHI-PEN-LET-001-K , 5 ,
S925-WHI-PEN-LET-001-M , 5 ,
S925-WHI-PEN-LET-001-S , 5 ,
S925-WHI-PEN-LET-001-T , 5 ,
S925-WHI-RIN-CEL-003 , 5 ,
S925-WHI-RIN-CEL-006-J , 5 ,
G9K-YEL-EAR-HOOP-002-010 , 5 ,
G9K-YEL-EAR-HOOP-002-015 , 5 ,
G9K-YEL-EAR-HOOP-002-020 , 5 ,
G9K-YEL-EAR-STUD-BALL-001-003 , 5 ,
G9K-YEL-EAR-STUD-BALL-001-004 , 5 ,
G9K-YEL-EAR-STUD-BALL-001-005 , 5 ,
G9K-YEL-EAR-STUD-BALL-001-006 , 5 ,
G9K-YEL-EAR-STUD-GEM-CZ-001-003 , 5 ,
G9K-YEL-EAR-STUD-GEM-CZ-001-004 , 5 ,
G9K-YEL-EAR-STUD-GEM-CZ-001-005 , 5 ,
G9K-YEL-EAR-STUD-GEM-CZ-001-006 , 5 ,
G9K-YEL-EAR-STUD-PERL-001-3to4 , 5 ,
G9K-YEL-EAR-STUD-PERL-001-6to7 , 5 ,
G9K-YEL-EAR-STUD-PERL-001-7to8 , 5 ,
G9K-YEL-NEC-CHA-001-008-360 , 5 ,
G9K-YEL-NEC-CHA-001-008-400 , 5 ,
G9K-YEL-NEC-CHA-001-008-450 , 5 ,
G9K-YEL-NEC-CHA-007-009-360 , 5 ,
G9K-YEL-NEC-CHA-007-009-400 , 5 ,
G9K-YEL-NEC-CHA-007-009-450 , 5 ,
G9K-YEL-NEC-CHA-008-005-360 , 5 ,
G9K-YEL-NEC-CHA-008-005-400 , 5 ,
G9K-YEL-NEC-CHA-008-005-450 , 5 ,
G9K-YEL-PEN-GEM-CZ-001 , 5 ,
G9K-YEL-PEN-GEM-CZ-002 , 5 ,
G9K-YEL-PEN-HART-002 , 5 ,
G9K-YEL-RIN-WED-001-025-I , 3 ,
G9K-YEL-RIN-WED-001-025-J , 3 ,
G9K-YEL-RIN-WED-001-025-K , 5 ,
G9K-YEL-RIN-WED-001-025-L , 5 ,
G9K-YEL-RIN-WED-001-025-M , 5 ,
G9K-YEL-RIN-WED-001-025-N , 5 ,
G9K-YEL-RIN-WED-001-025-O , 5 ,
G9K-YEL-RIN-WED-001-025-P , 5 ,
G9K-YEL-RIN-WED-001-025-Q , 5 ,
G9K-YEL-RIN-WED-001-025-R , 5 ,
G9K-YEL-RIN-WED-001-025-S , 5 ,
G9K-YEL-RIN-WED-001-025-T , 3 ,
G9K-YEL-RIN-WED-001-025-U , 3 ,
G9K-YEL-RIN-WED-001-025-V , 2 ,
G9K-YEL-RIN-WED-001-025-W , 2 ,
G9K-YEL-RIN-WED-001-025-X , 1 ,
G9K-YEL-RIN-WED-001-025-Y , 1 ,
G9K-YEL-RIN-WED-001-025-Z , 1 ,
G9K-YEL-RIN-WED-001-035-I , 2 ,
G9K-YEL-RIN-WED-001-035-J , 2 ,
G9K-YEL-RIN-WED-001-035-K , 2 ,
G9K-YEL-RIN-WED-001-035-L , 2 ,
G9K-YEL-RIN-WED-001-035-M , 2 ,
G9K-YEL-RIN-WED-001-035-N , 2 ,
G9K-YEL-RIN-WED-001-035-O , 2 ,
G9K-YEL-RIN-WED-001-035-P , 2 ,
G9K-YEL-RIN-WED-001-035-Q , 2 ,
G9K-YEL-RIN-WED-001-035-R , 2 ,
G9K-YEL-RIN-WED-001-035-S , 2 ,
G9K-YEL-RIN-WED-001-035-T , 2 ,
G9K-YEL-RIN-WED-001-035-U , 2 ,
G9K-YEL-RIN-WED-001-035-V , 2 ,
G9K-YEL-RIN-WED-001-035-W , 2 ,
G9K-YEL-RIN-WED-001-035-X , 2 ,
G9K-YEL-RIN-WED-001-035-Y , 2 ,
G9K-YEL-RIN-WED-001-035-Z , 2 ,
G9K-YEL-RIN-WED-001-040-I , 1 ,
G9K-YEL-RIN-WED-001-040-J , 1 ,
G9K-YEL-RIN-WED-001-040-K , 2 ,
G9K-YEL-RIN-WED-001-040-L , 2 ,
G9K-YEL-RIN-WED-001-040-M , 2 ,
G9K-YEL-RIN-WED-001-040-N , 2 ,
G9K-YEL-RIN-WED-001-040-O , 2 ,
G9K-YEL-RIN-WED-001-040-P , 2 ,
G9K-YEL-RIN-WED-001-040-Q , 2 ,
G9K-YEL-RIN-WED-001-040-R , 2 ,
G9K-YEL-RIN-WED-001-040-S , 2 ,
G9K-YEL-RIN-WED-001-040-T , 2 ,
G9K-YEL-RIN-WED-001-040-U , 2 ,
G9K-YEL-RIN-WED-001-040-V , 2 ,
G9K-YEL-RIN-WED-001-040-W , 2 ,
G9K-YEL-RIN-WED-001-040-X , 2 ,
G9K-YEL-RIN-WED-001-040-Y , 1 ,
G9K-YEL-RIN-WED-001-040-Z , 1 ,
S925-WHI-BRA-BAN-HAM-001-600 , 5 ,
S925-WHI-BRA-BAN-HAM-002-600 , 5 ,
S925-WHI-COM-EAR-004 , 5 ,
S925-WHI-EAR-DROP-021 , 5 ,
S925-WHI-EAR-STUD-037 , 10 ,
S925-WHI-EAR-STUD-043 , 5 ,
S925-WHI-EAR-STUD-SWA-006-202 , 15 ,
S925-WHI-EAR-STUD-SWA-006-296 , 5 ,
S925-WHI-NEC-CHA-001-028-450 , 5 ,
S925-WHI-NEC-CHA-001-028-500 , 5 ,
S925-WHI-NEC-CHA-027-055-410 , 5 ,
S925-WHI-NEC-CHA-027-055-450 , 5 ,
S925-WHI-NEC-CHA-029-030-400 , 5 ,
S925-WHI-NEC-CHA-029-036-400 , 5 ,
S925-WHI-PEN-COIN-003 , 5 ,
S925-WHI-RIN-HAM-001-R , 5 ,
S925-YEL-EAR-STUD-034 , 5 ,
S925-YEL-EAR-STUD-037 , 10 ,
S925-YEL-NEC-CHA-028-045-500 , 5 ,
BIA-GP-CHAIN-020-200-450 , 10 ,
BIA-GP-CHAIN-041-220-250 , 5 ,
BIA-GP-CHAIN-045-140-250 , 10 ,
BIA-ROSE-CHAIN-001-035-360 , 40 ,
BIA-ROSE-CHAIN-001-035-500 , 100 ,
BIA-ROSE-CHAIN-001-035-700 , 40 ,
BIA-S925-CHAIN-001-040-220-250 , 50 ,
BIA-S925-CHAIN-001-040-450 , 30 ,
BIA-S925-CHAIN-001-040-500 , 15 ,
BIA-S925-CHAIN-010-080-200 , 10 ,
BIA-S925-CHAIN-012-200-650 , 15 ,
BIA-S925-CHAIN-015-120-700 , 60 ,
BIA-S925-CHAIN-019-110-190 , 15 ,
BIA-S925-CHAIN-019-110-220-250 , 15 ,
BIA-S925-CHAIN-020-200-190 , 20 ,
BIA-S925-CHAIN-020-200-450 , 10 ,
BIA-S925-CHAIN-020-200-500 , 5 ,
BIA-S925-CHAIN-020-200-700 , 100 ,
BIA-S925-CHAIN-029-500-450 , 15 ,
BIA-S925-CHAIN-029-500-COL-190 , 20 ,
BIA-S925-CHAIN-031-230-600 , 5 ,
BIA-S925-CHAIN-041-220-180 , 10 ,
BIA-S925-CHAIN-041-220-200 , 5 ,
BIA-S925-CHAIN-041-220-220-250 , 50 ,
BIA-S925-CHAIN-043-200-450 , 5 ,
BIA-S925-CHAIN-043-200-550 , 10 ,
BIA-S925-CHAIN-045-140-180 , 50 ,
BIA-S925-CHAIN-045-140-190 , 20 ,
BIA-S925-CHAIN-045-140-220-250 , 30 ,
BIA-S925-CHAIN-052-040-250 , 100 ,
BIA-S925-HOOP-001 , 5 ,
BIA-S925-HOOP-002 , 20 ,
BIA-S925-HOOP-003 , 50 ,
BIA-S925-HOOP-004 , 40 ,
BIA-S925-HOOP-005 , 25 ,
BIA-S925-HOOP-HIN-010 , 5 ,
CN-S925-LOC-003 , 25 ,
CN-S925-LOC-004 , 5 ,
G9K-YEL-NEC-CHA-001-008-360 , 2 ,
G9K-YEL-NEC-CHA-001-008-400 , 2 ,
G9K-YEL-NEC-CHA-001-008-450 , 2 ,
G9K-YEL-NEC-CHA-007-009-360 , 2 ,
G9K-YEL-NEC-CHA-007-009-400 , 2 ,
G9K-YEL-NEC-CHA-007-009-450 , 2 ,
G9K-YEL-NEC-CHA-008-005-360 , 2 ,
G9K-YEL-NEC-CHA-008-005-400 , 2 ,
G9K-YEL-NEC-CHA-008-005-450 , 2 ,
GS-S925-HOOP-035 , 5 ,
MS-S925-TOE-001 , 5 ,
PAV-S925-EAR-BALL-001-020-2PAIR , 30 ,
PAV-S925-EAR-CRAW-001 , 10 ,
PAV-S925-HOOP-BALI-004-030 , 10 ,
S925-BAW-BRA-CHA-012-190 , 10 ,
S925-BC-0396-PEN-3H , 10 ,
S925-BC-0396-PEN-6G , 25 ,
S925-BC-1764-PEN-3H , 80 ,
S925-WHI-EAR-STUD-PERL-001-6to7 , 15 ,
S925-WHI-EAR-STUD-PERL-001-9to10 , 15 ,
S925-WHI-EAR-STUD-PERL-002-6to7 , 10 ,
S925-WHI-EAR-STUD-PERL-002-7to8 , 5 ,
S925-WHI-PEN-CROS-002 , 15 ,
S925-WHI-PEN-CROS-003 , 10 ,
S925-WHI-PEN-CROS-008 , 5 ,
S925-WHI-PEN-LET-001-A , 10 ,
S925-WHI-PEN-LET-001-C , 5 ,
S925-WHI-PEN-LET-001-J , 5 ,
S925-WHI-PEN-LET-001-K , 15 ,
S925-WHI-PEN-LET-001-M , 5 ,
S925-WHI-PEN-LET-001-S , 5 ,
S925-WHI-PEN-LET-001-T , 15 ,
S925-WHI-RIN-GEM-001-I , 5 ,
S925-WHI-RIN-GEM-001-N , 5 ,
S925-WHI-RIN-HAM-001-N , 5 ,
S925-WHI-RIN-HAM-001-Q , 5 ,
S925-YEL-BRA-CHA-004-200 , 30 ,
TIE-S925-BRA-026-030-190 , 5 ,
TIE-S925-BRA-026-030-200 , 30 ,
G9K-YEL-EAR-HOOP-002-010 , 2 ,
G9K-YEL-EAR-HOOP-002-015 , 2 ,
G9K-YEL-EAR-HOOP-002-020 , 2 ,
G9K-YEL-EAR-STUD-BALL-001-003 , 2 ,
G9K-YEL-EAR-STUD-BALL-001-004 , 2 ,
G9K-YEL-EAR-STUD-BALL-001-005 , 2 ,
G9K-YEL-EAR-STUD-BALL-001-006 , 2 ,
G9K-YEL-EAR-STUD-GEM-CZ-001-003 , 2 ,
G9K-YEL-EAR-STUD-GEM-CZ-001-004 , 2 ,
G9K-YEL-EAR-STUD-GEM-CZ-001-005 , 2 ,
G9K-YEL-EAR-STUD-GEM-CZ-001-006 , 2 ,
G9K-YEL-EAR-STUD-PERL-001-3to4 , 2 ,
G9K-YEL-EAR-STUD-PERL-001-6to7 , 2 ,
G9K-YEL-EAR-STUD-PERL-001-7to8 , 2 ,
G9K-YEL-PEN-GEM-CZ-001 , 2 ,
G9K-YEL-PEN-GEM-CZ-002 , 2 ,
G9K-YEL-PEN-HART-002 , 2 ,
G9K-YEL-RIN-WED-001-025-I , 2 ,
G9K-YEL-RIN-WED-001-025-J , 2 ,
G9K-YEL-RIN-WED-001-025-K , 2 ,
G9K-YEL-RIN-WED-001-025-L , 2 ,
G9K-YEL-RIN-WED-001-025-M , 2 ,
G9K-YEL-RIN-WED-001-025-N , 2 ,
G9K-YEL-RIN-WED-001-025-O , 2 ,
G9K-YEL-RIN-WED-001-025-P , 2 ,
G9K-YEL-RIN-WED-001-025-Q , 2 ,
G9K-YEL-RIN-WED-001-025-R , 2 ,
G9K-YEL-RIN-WED-001-025-S , 2 ,
G9K-YEL-RIN-WED-001-025-T , 2 ,
G9K-YEL-RIN-WED-001-025-U , 2 ,
G9K-YEL-RIN-WED-001-025-V , 2 ,
G9K-YEL-RIN-WED-001-025-W , 2 ,
G9K-YEL-RIN-WED-001-025-X , 1 ,
G9K-YEL-RIN-WED-001-025-Y , 1 ,
G9K-YEL-RIN-WED-001-025-Z , 1 ,
G9K-YEL-RIN-WED-001-035-I , 2 ,
G9K-YEL-RIN-WED-001-035-J , 2 ,
G9K-YEL-RIN-WED-001-035-K , 2 ,
G9K-YEL-RIN-WED-001-035-L , 2 ,
G9K-YEL-RIN-WED-001-035-M , 2 ,
G9K-YEL-RIN-WED-001-035-N , 2 ,
G9K-YEL-RIN-WED-001-035-O , 2 ,
G9K-YEL-RIN-WED-001-035-P , 2 ,
G9K-YEL-RIN-WED-001-035-Q , 2 ,
G9K-YEL-RIN-WED-001-035-R , 2 ,
G9K-YEL-RIN-WED-001-035-S , 2 ,
G9K-YEL-RIN-WED-001-035-T , 2 ,
G9K-YEL-RIN-WED-001-035-U , 2 ,
G9K-YEL-RIN-WED-001-035-V , 2 ,
G9K-YEL-RIN-WED-001-035-W , 2 ,
G9K-YEL-RIN-WED-001-035-X , 2 ,
G9K-YEL-RIN-WED-001-035-Y , 2 ,
G9K-YEL-RIN-WED-001-035-Z , 2 ,
G9K-YEL-RIN-WED-001-040-I , 1 ,
G9K-YEL-RIN-WED-001-040-J , 1 ,
G9K-YEL-RIN-WED-001-040-K , 2 ,
G9K-YEL-RIN-WED-001-040-L , 2 ,
G9K-YEL-RIN-WED-001-040-M , 2 ,
G9K-YEL-RIN-WED-001-040-N , 2 ,
G9K-YEL-RIN-WED-001-040-O , 2 ,
G9K-YEL-RIN-WED-001-040-P , 2 ,
G9K-YEL-RIN-WED-001-040-Q , 2 ,
G9K-YEL-RIN-WED-001-040-R , 2 ,
G9K-YEL-RIN-WED-001-040-S , 2 ,
G9K-YEL-RIN-WED-001-040-T , 2 ,
G9K-YEL-RIN-WED-001-040-U , 2 ,
G9K-YEL-RIN-WED-001-040-V , 2 ,
G9K-YEL-RIN-WED-001-040-W , 2 ,
G9K-YEL-RIN-WED-001-040-X , 2 ,
G9K-YEL-RIN-WED-001-040-Y , 1 ,
G9K-YEL-RIN-WED-001-040-Z , 1 ,
S925-WHI-BRA-BAN-HAM-001-600 , 10 ,
S925-WHI-COM-EAR-008 , 10 ,
S925-WHI-EAR-DROP-020 , 10 ,
S925-WHI-EAR-STUD-037 , 15 ,
S925-WHI-EAR-STUD-038 , 5 ,
S925-WHI-EAR-STUD-042 , 5 ,
S925-WHI-EAR-STUD-043 , 5 ,
S925-WHI-NEC-CHA-024-055-410 , 5 ,
S925-WHI-NEC-CHA-027-055-410 , 5 ,
S925-WHI-NEC-CHA-027-055-450 , 5 ,
S925-WHI-NEC-CHA-029-036-450 , 5 ,
S925-WHI-NEC-CHA-029-044-450 , 5 ,
S925-WHI-NEC-CHA-029-044-600 , 5 ,
S925-YEL-BRA-BAN-HAM-001-600 , 5 ,
S925-YEL-EAR-STUD-034 , 5 ,
S925-YEL-EAR-STUD-037 , 5 ,
S925-YEL-NEC-CHA-027-028-410 , 5 ,
S925-YEL-NEC-CHA-028-030-450 , 5 ,
S925-YEL-NEC-CHA-028-030-500 , 5 ,
S925-YEL-NEC-CHA-029-036-450 , 5 ,
S925-YEL-NEC-CHA-029-044-400 , 5 ,
S925-YEL-NEC-CHA-029-044-450 , 5 ,
S925-YEL-PEN-COIN-HAM-001 , 5 ,
